"Longitude (x)","Latitude (y)","Station Name","Climate ID","Date/Time","Year","Month","Day","Data Quality","Max Temp (°C)","Max Temp Flag","Min Temp (°C)","Min Temp Flag","Mean Temp (°C)","Mean Temp Flag","Heat Deg Days (°C)","Heat Deg Days Flag","Cool Deg Days (°C)","Cool Deg Days Flag","Total Rain (mm)","Total Rain Flag","Total Snow (cm)","Total Snow Flag","Total Precip (mm)","Total Precip Flag","Snow on Grnd (cm)","Snow on Grnd Flag","Dir of Max Gust (10s deg)","Dir of Max Gust Flag","Spd of Max Gust (km/h)","Spd of Max Gust Flag"
"-104.67","50.43","REGINA RCS","4016699","2019-01-01","2019","01","01","","-2.3","","-29.2","","-15.7","","33.7","","0.0","","","","","","1.0","","0","","18","","44",""
"-104.67","50.43","REGINA RCS","4016699","2019-01-02","2019","01","02","","3.0","","-15.8","","-6.4","","24.4","","0.0","","","","","","0.2","","2","","27","","44",""
"-104.67","50.43","REGINA RCS","4016699","2019-01-03","2019","01","03","","1.6","","-10.4","","-4.4","","22.4","","0.0","","","","","","0.0","","1","","","","",""
"-104.67","50.43","REGINA RCS","4016699","2019-01-04","2019","01","04","","1.6","","-12.7","","-5.6","","23.6","","0.0","","","","","","0.0","","1","","","","",""
"-104.67","50.43","REGINA RCS","4016699","2019-01-05","2019","01","05","","-2.8","","-8.6","","-5.7","","23.7","","0.0","","","","","","0.0","","1","","13","","47",""
"-104.67","50.43","REGINA RCS","4016699","2019-01-06","2019","01","06","","-0.5","","-6.8","","-3.7","","21.7","","0.0","","","","","","0.0","","1","","14","","65",""
"-104.67","50.43","REGINA RCS","4016699","2019-01-07","2019","01","07","","0.4","","-14.7","","-7.1","","25.1","","0.0","","","","","","0.0","","1","","30","","70",""
"-104.67","50.43","REGINA RCS","4016699","2019-01-08","2019","01","08","","-14.6","","-25.2","","-19.9","","37.9","","0.0","","","","","","0.0","","1","","30","","63",""
"-104.67","50.43","REGINA RCS","4016699","2019-01-09","2019","01","09","","-12.7","","-26.0","","-19.3","","37.3","","0.0","","","","","","0.0","","1","","13","","60",""
"-104.67","50.43","REGINA RCS","4016699","2019-01-10","2019","01","10","","-7.0","","-16.0","","-11.5","","29.5","","0.0","","","","","","0.0","","0","","15","","56",""
"-104.67","50.43","REGINA RCS","4016699","2019-01-11","2019","01","11","","-11.1","","-19.0","","-15.1","","33.1","","0.0","","","","","","0.0","","0","","","","",""
"-104.67","50.43","REGINA RCS","4016699","2019-01-12","2019","01","12","","-8.3","","-14.6","","-11.4","","29.4","","0.0","","","","","","0.0","","1","","14","","44",""
"-104.67","50.43","REGINA RCS","4016699","2019-01-13","2019","01","13","","-4.0","","-17.3","","-10.6","","28.6","","0.0","","","","","","0.0","","0","","","","",""
"-104.67","50.43","REGINA RCS","4016699","2019-01-14","2019","01","14","","-2.1","","-11.6","","-6.8","","24.8","","0.0","","","","","","0.0","","0","","","","",""
"-104.67","50.43","REGINA RCS","4016699","2019-01-15","2019","01","15","","-3.1","","-19.4","","-11.2","","29.2","","0.0","","","","","","0.0","","0","","36","","59",""
"-104.67","50.43","REGINA RCS","4016699","2019-01-16","2019","01","16","","-12.8","","-19.4","","-16.1","","34.1","","0.0","","","","","","0.0","","0","","12","","34",""
"-104.67","50.43","REGINA RCS","4016699","2019-01-17","2019","01","17","","-12.9","","-31.3","","-22.1","","40.1","","0.0","","","","","","0.4","","","","","","",""
"-104.67","50.43","REGINA RCS","4016699","2019-01-18","2019","01","18","","-18.9","","-28.9","","-23.9","","41.9","","0.0","","","","","","0.0","","1","","","","",""
"-104.67","50.43","REGINA RCS","4016699","2019-01-19","2019","01","19","","-16.5","","-22.4","","-19.4","","37.4","","0.0","","","","","","0.3","","0","","13","","55",""
"-104.67","50.43","REGINA RCS","4016699","2019-01-20","2019","01","20","","-14.6","","-20.2","","-17.4","","35.4","","0.0","","","","","","0.2","","","","12","","56",""
"-104.67","50.43","REGINA RCS","4016699","2019-01-21","2019","01","21","","-8.2","","-15.1","","-11.7","","29.7","","0.0","","","","","","0.0","","","","34","","46",""
"-104.67","50.43","REGINA RCS","4016699","2019-01-22","2019","01","22","","-3.8","","-21.7","","-12.8","","30.8","","0.0","","","","","","0.0","","","","","","",""
"-104.67","50.43","REGINA RCS","4016699","2019-01-23","2019","01","23","","-6.3","","-24.3","","-15.3","","33.3","","0.0","","","","","","0.2","","","","36","","54",""
"-104.67","50.43","REGINA RCS","4016699","2019-01-24","2019","01","24","","-13.8","","-32.8","","-23.3","","41.3","","0.0","","","","","","0.0","","","","","","",""
"-104.67","50.43","REGINA RCS","4016699","2019-01-25","2019","01","25","","-8.9","","-24.2","","-16.5","","34.5","","0.0","","","","","","0.0","","","","","","",""
"-104.67","50.43","REGINA RCS","4016699","2019-01-26","2019","01","26","","-9.0","","-17.0","","-13.0","","31.0","","0.0","","","","","","0.0","","","","35","","31",""
"-104.67","50.43","REGINA RCS","4016699","2019-01-27","2019","01","27","","3.1","","-9.8","","-3.4","","21.4","","0.0","","","","","","2.1","","1","","35","","74",""
"-104.67","50.43","REGINA RCS","4016699","2019-01-28","2019","01","28","","-8.0","","-25.3","","-16.6","","34.6","","0.0","","","","","","0.2","","0","","34","","64",""
"-104.67","50.43","REGINA RCS","4016699","2019-01-29","2019","01","29","","-25.2","","-30.8","","-28.0","","46.0","","0.0","","","","","","0.0","","","","33","","39",""
"-104.67","50.43","REGINA RCS","4016699","2019-01-30","2019","01","30","","-21.3","","-29.9","","-25.6","","43.6","","0.0","","","","","","0.0","","","","12","","43",""
"-104.67","50.43","REGINA RCS","4016699","2019-01-31","2019","01","31","","-9.4","","-22.0","","-15.7","","33.7","","0.0","","","","","","0.2","","","","14","","43",""
"-104.67","50.43","REGINA RCS","4016699","2019-02-01","2019","02","01","","-7.0","","-16.3","","-11.6","","29.6","","0.0","","","","","","0.0","","","","4","","32",""
"-104.67","50.43","REGINA RCS","4016699","2019-02-02","2019","02","02","","-15.4","","-22.4","","-18.9","","36.9","","0.0","","","","","","0.2","","","","13","","63",""
"-104.67","50.43","REGINA RCS","4016699","2019-02-03","2019","02","03","","-22.4","","-26.1","","-24.3","","42.3","","0.0","","","","","","1.1","","","","1","","41",""
"-104.67","50.43","REGINA RCS","4016699","2019-02-04","2019","02","04","","-22.3","","-27.0","","-24.6","","42.6","","0.0","","","","","","2.1","","2","","","","",""
"-104.67","50.43","REGINA RCS","4016699","2019-02-05","2019","02","05","","-20.8","","-26.5","","-23.7","","41.7","","0.0","","","","","","1.2","","3","","","","",""
"-104.67","50.43","REGINA RCS","4016699","2019-02-06","2019","02","06","","-24.5","","-32.5","","-28.5","","46.5","","0.0","","","","","","0.2","","4","","","","",""
"-104.67","50.43","REGINA RCS","4016699","2019-02-07","2019","02","07","","-28.8","","-38.4","","-33.6","","51.6","","0.0","","","","","","0.0","","4","","","","",""
"-104.67","50.43","REGINA RCS","4016699","2019-02-08","2019","02","08","","-27.2","","-42.0","","-34.6","","52.6","","0.0","","","","","","0.0","","","","","","",""
"-104.67","50.43","REGINA RCS","4016699","2019-02-09","2019","02","09","","-25.1","","-35.1","","-30.1","","48.1","","0.0","","","","","","0.0","","4","","","","",""
"-104.67","50.43","REGINA RCS","4016699","2019-02-10","2019","02","10","","-20.9","","-33.3","","-27.1","","45.1","","0.0","","","","","","0.0","","4","","11","","35",""
"-104.67","50.43","REGINA RCS","4016699","2019-02-11","2019","02","11","","-17.4","","-25.4","","-21.4","","39.4","","0.0","","","","","","1.9","","","","13","","43",""
"-104.67","50.43","REGINA RCS","4016699","2019-02-12","2019","02","12","","-20.5","","-34.0","","-27.2","","45.2","","0.0","","","","","","1.0","","10","","","","",""
"-104.67","50.43","REGINA RCS","4016699","2019-02-13","2019","02","13","","-19.8","","-28.1","","-23.9","","41.9","","0.0","","","","","","2.8","","15","","","","",""
"-104.67","50.43","REGINA RCS","4016699","2019-02-14","2019","02","14","","-23.2","","-34.9","","-29.1","","47.1","","0.0","","","","","","0.0","","14","","","","",""
"-104.67","50.43","REGINA RCS","4016699","2019-02-15","2019","02","15","","-17.6","","-37.0","","-27.3","","45.3","","0.0","","","","","","0.0","","13","","13","","50",""
"-104.67","50.43","REGINA RCS","4016699","2019-02-16","2019","02","16","","-13.5","","-17.6","","-15.6","","33.6","","0.0","","","","","","1.2","","9","","13","","47",""
"-104.67","50.43","REGINA RCS","4016699","2019-02-17","2019","02","17","","-13.6","","-23.2","","-18.4","","36.4","","0.0","","","","","","0.2","","14","","","","",""
"-104.67","50.43","REGINA RCS","4016699","2019-02-18","2019","02","18","","-18.5","","-30.3","","-24.4","","42.4","","0.0","","","","","","0.2","","11","","","","",""
"-104.67","50.43","REGINA RCS","4016699","2019-02-19","2019","02","19","","-13.6","","-29.9","","-21.7","","39.7","","0.0","","","","","","0.0","","10","","19","","33",""
"-104.67","50.43","REGINA RCS","4016699","2019-02-20","2019","02","20","","-16.1","","-27.2","","-21.6","","39.6","","0.0","","","","","","0.0","","9","","","","",""
"-104.67","50.43","REGINA RCS","4016699","2019-02-21","2019","02","21","","-14.5","","-25.5","","-20.0","","38.0","","0.0","","","","","","0.0","","9","","","","",""
"-104.67","50.43","REGINA RCS","4016699","2019-02-22","2019","02","22","","-13.4","","-29.2","","-21.3","","39.3","","0.0","","","","","","0.0","","9","","13","","42",""
"-104.67","50.43","REGINA RCS","4016699","2019-02-23","2019","02","23","","-14.4","","-20.8","","-17.6","","35.6","","0.0","","","","","","0.2","","9","","33","","56",""
"-104.67","50.43","REGINA RCS","4016699","2019-02-24","2019","02","24","","-19.1","","-31.6","","-25.3","","43.3","","0.0","","","","","","0.0","","8","","33","","45",""
"-104.67","50.43","REGINA RCS","4016699","2019-02-25","2019","02","25","","-21.4","","-37.2","","-29.3","","47.3","","0.0","","","","","","0.0","","8","","","","",""
"-104.67","50.43","REGINA RCS","4016699","2019-02-26","2019","02","26","","-17.9","","-28.8","","-23.4","","41.4","","0.0","","","","","","0.0","","8","","25","","32",""
"-104.67","50.43","REGINA RCS","4016699","2019-02-27","2019","02","27","","-9.6","","-25.3","","-17.4","","35.4","","0.0","","","","","","0.0","","8","","27","","45",""
"-104.67","50.43","REGINA RCS","4016699","2019-02-28","2019","02","28","","-10.3","","-20.3","","-15.3","","33.3","","0.0","","","","","","0.0","","8","","28","","31",""
"-104.67","50.43","REGINA RCS","4016699","2019-03-01","2019","03","01","","-15.9","","-28.9","","-22.4","","40.4","","0.0","","","","","","0.4","","8","","32","","44",""
"-104.67","50.43","REGINA RCS","4016699","2019-03-02","2019","03","02","","-22.7","","-34.2","","-28.4","","46.4","","0.0","","","","","","0.2","","8","","28","","46",""
"-104.67","50.43","REGINA RCS","4016699","2019-03-03","2019","03","03","","-17.7","","-26.6","","-22.2","","40.2","","0.0","","","","","","0.0","","8","","32","","56",""
"-104.67","50.43","REGINA RCS","4016699","2019-03-04","2019","03","04","","-11.7","","-21.3","","-16.5","","34.5","","0.0","","","","","","0.0","","8","","31","","60",""
"-104.67","50.43","REGINA RCS","4016699","2019-03-05","2019","03","05","","-9.2","","-20.8","","-15.0","","33.0","","0.0","","","","","","0.0","","7","","30","","45",""
"-104.67","50.43","REGINA RCS","4016699","2019-03-06","2019","03","06","","-13.7","","-27.9","","-20.8","","38.8","","0.0","","","","","","0.0","","7","","","","",""
"-104.67","50.43","REGINA RCS","4016699","2019-03-07","2019","03","07","","-9.1","","-26.3","","-17.7","","35.7","","0.0","","","","","","0.0","","7","","14","","47",""
"-104.67","50.43","REGINA RCS","4016699","2019-03-08","2019","03","08","","-3.2","","-15.6","","-9.4","","27.4","","0.0","","","","","","0.0","","7","","","","",""
"-104.67","50.43","REGINA RCS","4016699","2019-03-09","2019","03","09","","-4.9","","-16.9","","-10.9","","28.9","","0.0","","","","","","0.0","","7","","32","","36",""
"-104.67","50.43","REGINA RCS","4016699","2019-03-10","2019","03","10","","-9.3","","-22.5","","-15.9","","33.9","","0.0","","","","","","0.0","","7","","","","",""
"-104.67","50.43","REGINA RCS","4016699","2019-03-11","2019","03","11","","-0.6","","-19.5","","-10.1","","28.1","","0.0","","","","","","0.0","","7","","23","","36",""
"-104.67","50.43","REGINA RCS","4016699","2019-03-12","2019","03","12","","2.0","","-7.0","","-2.5","","20.5","","0.0","","","","","","0.0","","7","","24","","41",""
"-104.67","50.43","REGINA RCS","4016699","2019-03-13","2019","03","13","","2.0","","-5.6","","-1.8","","19.8","","0.0","","","","","","0.0","","4","","34","","37",""
"-104.67","50.43","REGINA RCS","4016699","2019-03-14","2019","03","14","","1.1","","-11.2","","-5.0","","23.0","","0.0","","","","","","0.0","","3","","32","","33",""
"-104.67","50.43","REGINA RCS","4016699","2019-03-15","2019","03","15","","0.5","","-14.6","","-7.1","","25.1","","0.0","","","","","","0.0","","2","","","","",""
"-104.67","50.43","REGINA RCS","4016699","2019-03-16","2019","03","16","","2.7","","-12.2","","-4.7","","22.7","","0.0","","","","","","0.0","","0","","","","",""
"-104.67","50.43","REGINA RCS","4016699","2019-03-17","2019","03","17","","2.9","","-12.2","","-4.7","","22.7","","0.0","","","","","","0.0","","","","","","",""
"-104.67","50.43","REGINA RCS","4016699","2019-03-18","2019","03","18","","3.9","","-5.8","","-0.9","","18.9","","0.0","","","","","","0.0","","","","33","","40",""
"-104.67","50.43","REGINA RCS","4016699","2019-03-19","2019","03","19","","8.2","","-7.4","","0.4","","17.6","","0.0","","","","","","0.0","","","","28","","31",""
"-104.67","50.43","REGINA RCS","4016699","2019-03-20","2019","03","20","","10.6","","-4.8","","2.9","","15.1","","0.0","","","","","","0.0","","","","","","",""
"-104.67","50.43","REGINA RCS","4016699","2019-03-21","2019","03","21","","10.9","","-4.2","","3.3","","14.7","","0.0","","","","","","0.0","","","","11","","34",""
"-104.67","50.43","REGINA RCS","4016699","2019-03-22","2019","03","22","","10.8","","-1.9","","4.4","","13.6","","0.0","","","","","","0.0","","","","16","","36",""
"-104.67","50.43","REGINA RCS","4016699","2019-03-23","2019","03","23","","14.9","","-2.6","","6.2","","11.8","","0.0","","","","","","0.0","","","","9","","56",""
"-104.67","50.43","REGINA RCS","4016699","2019-03-24","2019","03","24","","2.4","","-6.3","","-1.9","","19.9","","0.0","","","","","","0.0","","","","8","","53",""
"-104.67","50.43","REGINA RCS","4016699","2019-03-25","2019","03","25","","2.0","","-7.2","","-2.6","","20.6","","0.0","","","","","","0.2","","","","14","","31",""
"-104.67","50.43","REGINA RCS","4016699","2019-03-26","2019","03","26","","16.3","","-1.0","","7.7","","10.3","","0.0","","","","","","0.0","","","","","","",""
"-104.67","50.43","REGINA RCS","4016699","2019-03-27","2019","03","27","","8.7","","0.0","","4.4","","13.6","","0.0","","","","","","0.0","","","","30","","52",""
"-104.67","50.43","REGINA RCS","4016699","2019-03-28","2019","03","28","","6.0","","-7.5","","-0.7","","18.7","","0.0","","","","","","0.0","","","","32","","36",""
"-104.67","50.43","REGINA RCS","4016699","2019-03-29","2019","03","29","","4.4","","-7.3","","-1.4","","19.4","","0.0","","","","","","0.0","","","","35","","47",""
"-104.67","50.43","REGINA RCS","4016699","2019-03-30","2019","03","30","","8.8","","-9.1","","-0.1","","18.1","","0.0","","","","","","0.0","","","","","","",""
"-104.67","50.43","REGINA RCS","4016699","2019-03-31","2019","03","31","","3.3","","-5.1","","-0.9","","18.9","","0.0","","","","","","0.0","","","","36","","33",""
"-104.67","50.43","REGINA RCS","4016699","2019-04-01","2019","04","01","","9.3","","-6.7","","1.3","","16.7","","0.0","","","","","","0.2","","","","31","","59",""
"-104.67","50.43","REGINA RCS","4016699","2019-04-02","2019","04","02","","3.2","","-10.1","","-3.5","","21.5","","0.0","","","","","","1.3","","1","","32","","62",""
"-104.67","50.43","REGINA RCS","4016699","2019-04-03","2019","04","03","","9.4","","-10.6","","-0.6","","18.6","","0.0","","","","","","0.0","","","","16","","49",""
"-104.67","50.43","REGINA RCS","4016699","2019-04-04","2019","04","04","","17.5","","1.8","","9.7","","8.3","","0.0","","","","","","0.9","","","","32","","51",""
"-104.67","50.43","REGINA RCS","4016699","2019-04-05","2019","04","05","","7.2","","1.5","","4.3","","13.7","","0.0","","","","","","0.0","","","","12","","36",""
"-104.67","50.43","REGINA RCS","4016699","2019-04-06","2019","04","06","","4.8","","0.3","","2.5","","15.5","","0.0","","","","","","3.1","","","","13","","53",""
"-104.67","50.43","REGINA RCS","4016699","2019-04-07","2019","04","07","","16.4","","0.0","","8.2","","9.8","","0.0","","","","","","0.2","","","","25","","41",""
"-104.67","50.43","REGINA RCS","4016699","2019-04-08","2019","04","08","","17.2","","-3.3","","6.9","","11.1","","0.0","","","","","","0.0","","","","32","","61",""
"-104.67","50.43","REGINA RCS","4016699","2019-04-09","2019","04","09","","8.3","","-4.4","","1.9","","16.1","","0.0","","","","","","0.0","","","","10","","32",""
"-104.67","50.43","REGINA RCS","4016699","2019-04-10","2019","04","10","","6.3","","-5.5","","0.4","","17.6","","0.0","","","","","","0.0","","","","10","","40",""
"-104.67","50.43","REGINA RCS","4016699","2019-04-11","2019","04","11","","7.9","","-5.6","","1.2","","16.8","","0.0","","","","","","0.0","","","","8","","39",""
"-104.67","50.43","REGINA RCS","4016699","2019-04-12","2019","04","12","","9.8","","-9.2","","0.3","","17.7","","0.0","","","","","","0.0","","","","1","","39",""
"-104.67","50.43","REGINA RCS","4016699","2019-04-13","2019","04","13","","14.8","","-7.8","","3.5","","14.5","","0.0","","","","","","0.0","","","","19","","48",""
"-104.67","50.43","REGINA RCS","4016699","2019-04-14","2019","04","14","","11.8","","2.5","","7.1","","10.9","","0.0","","","","","","1.4","","","","15","","46",""
"-104.67","50.43","REGINA RCS","4016699","2019-04-15","2019","04","15","","14.8","","-4.9","","5.0","","13.0","","0.0","","","","","","0.0","","","","29","","57",""
"-104.67","50.43","REGINA RCS","4016699","2019-04-16","2019","04","16","","14.0","","-7.8","","3.1","","14.9","","0.0","","","","","","0.0","","","","","","",""
"-104.67","50.43","REGINA RCS","4016699","2019-04-17","2019","04","17","","10.1","","-1.2","","4.4","","13.6","","0.0","","","","","","9.4","","0","","","","",""
"-104.67","50.43","REGINA RCS","4016699","2019-04-18","2019","04","18","","16.5","","-2.8","","6.8","","11.2","","0.0","","","","","","0.0","","","","30","","38",""
"-104.67","50.43","REGINA RCS","4016699","2019-04-19","2019","04","19","","24.8","","1.9","","13.4","","4.6","","0.0","","","","","","0.0","","","","33","","70",""
"-104.67","50.43","REGINA RCS","4016699","2019-04-20","2019","04","20","","17.8","","7.3","","12.6","","5.4","","0.0","","","","","","0.0","","0","","35","","43",""
"-104.67","50.43","REGINA RCS","4016699","2019-04-21","2019","04","21","","15.7","","-0.3","","7.7","","10.3","","0.0","","","","","","0.0","","0","","32","","46",""
"-104.67","50.43","REGINA RCS","4016699","2019-04-22","2019","04","22","","20.0","","-4.8","","7.6","","10.4","","0.0","","","","","","0.0","","","","23","","67",""
"-104.67","50.43","REGINA RCS","4016699","2019-04-23","2019","04","23","","22.7","","8.1","","15.4","","2.6","","0.0","","","","","","0.4","","0","","31","","51",""
"-104.67","50.43","REGINA RCS","4016699","2019-04-24","2019","04","24","","18.5","","1.3","","9.9","","8.1","","0.0","","","","","","0.0","","0","","29","","68",""
"-104.67","50.43","REGINA RCS","4016699","2019-04-25","2019","04","25","","12.8","","-5.0","","3.9","","14.1","","0.0","","","","","","0.0","","0","","29","","64",""
"-104.67","50.43","REGINA RCS","4016699","2019-04-26","2019","04","26","","13.0","","-6.7","","3.2","","14.8","","0.0","","","","","","0.0","","","","4","","31",""
"-104.67","50.43","REGINA RCS","4016699","2019-04-27","2019","04","27","","12.0","","-0.4","","5.8","","12.2","","0.0","","","","","","1.3","","0","","9","","52",""
"-104.67","50.43","REGINA RCS","4016699","2019-04-28","2019","04","28","","2.7","","-1.6","","0.6","","17.4","","0.0","","","","","","1.8","","0","","7","","67",""
"-104.67","50.43","REGINA RCS","4016699","2019-04-29","2019","04","29","","6.3","","-10.8","","-2.2","","20.2","","0.0","","","","","","0.2","","","","26","","34",""
"-104.67","50.43","REGINA RCS","4016699","2019-04-30","2019","04","30","","10.3","","-5.6","","2.4","","15.6","","0.0","","","","","","0.0","","0","","21","","43",""
"-104.67","50.43","REGINA RCS","4016699","2019-05-01","2019","05","01","","11.4","","-6.1","","2.6","","15.4","","0.0","","","","","","0.0","","","","22","","37",""
"-104.67","50.43","REGINA RCS","4016699","2019-05-02","2019","05","02","","17.1","","1.9","","9.5","","8.5","","0.0","","","","","","0.0","","","","25","","78",""
"-104.67","50.43","REGINA RCS","4016699","2019-05-03","2019","05","03","","15.8","","-8.4","","3.7","","14.3","","0.0","","","","","","0.0","","","","30","","56",""
"-104.67","50.43","REGINA RCS","4016699","2019-05-04","2019","05","04","","9.2","","-1.5","","3.9","","14.1","","0.0","","","","","","0.0","","","","29","","51",""
"-104.67","50.43","REGINA RCS","4016699","2019-05-05","2019","05","05","","7.1","","-10.3","","-1.6","","19.6","","0.0","","","","","","0.0","","","","34","","39",""
"-104.67","50.43","REGINA RCS","4016699","2019-05-06","2019","05","06","","11.6","","-10.6","","0.5","","17.5","","0.0","","","","","","0.0","","","","33","","31",""
"-104.67","50.43","REGINA RCS","4016699","2019-05-07","2019","05","07","","17.4","","-2.3","","7.6","","10.4","","0.0","","","","","","0.0","","","","19","","42",""
"-104.67","50.43","REGINA RCS","4016699","2019-05-08","2019","05","08","","12.4","","-4.4","","4.0","","14.0","","0.0","","","","","","0.0","","","","35","","39",""
"-104.67","50.43","REGINA RCS","4016699","2019-05-09","2019","05","09","","14.0","","-4.9","","4.6","","13.4","","0.0","","","","","","0.0","","","","","","",""
"-104.67","50.43","REGINA RCS","4016699","2019-05-10","2019","05","10","","16.1","","-0.3","","7.9","","10.1","","0.0","","","","","","1.9","","","","34","","58",""
"-104.67","50.43","REGINA RCS","4016699","2019-05-11","2019","05","11","","13.8","","2.0","","7.9","","10.1","","0.0","","","","","","0.0","","","","33","","40",""
"-104.67","50.43","REGINA RCS","4016699","2019-05-12","2019","05","12","","23.2","","-2.5","","10.3","","7.7","","0.0","","","","","","0.0","","","","12","","34",""
"-104.67","50.43","REGINA RCS","4016699","2019-05-13","2019","05","13","","24.3","","2.9","","13.6","","4.4","","0.0","","","","","","0.0","","","","34","","54",""
"-104.67","50.43","REGINA RCS","4016699","2019-05-14","2019","05","14","","23.2","","2.1","","12.6","","5.4","","0.0","","","","","","0.0","","","","32","","33",""
"-104.67","50.43","REGINA RCS","4016699","2019-05-15","2019","05","15","","24.6","","3.9","","14.3","","3.7","","0.0","","","","","","0.9","","","","30","","70",""
"-104.67","50.43","REGINA RCS","4016699","2019-05-16","2019","05","16","","14.9","","0.0","","7.4","","10.6","","0.0","","","","","","0.0","","","","","","",""
"-104.67","50.43","REGINA RCS","4016699","2019-05-17","2019","05","17","","16.6","","3.6","","10.1","","7.9","","0.0","","","","","","0.0","","","","9","","56",""
"-104.67","50.43","REGINA RCS","4016699","2019-05-18","2019","05","18","","13.0","","2.1","","7.5","","10.5","","0.0","","","","","","0.0","","","","9","","50",""
"-104.67","50.43","REGINA RCS","4016699","2019-05-19","2019","05","19","","15.6","","-3.4","","6.1","","11.9","","0.0","","","","","","0.0","","","","9","","41",""
"-104.67","50.43","REGINA RCS","4016699","2019-05-20","2019","05","20","","20.0","","4.2","","12.1","","5.9","","0.0","","","","","","0.0","","","","12","","52",""
"-104.67","50.43","REGINA RCS","4016699","2019-05-21","2019","05","21","","21.7","","5.6","","13.6","","4.4","","0.0","","","","","","0.0","","","","14","","54",""
"-104.67","50.43","REGINA RCS","4016699","2019-05-22","2019","05","22","","23.0","","9.4","","16.2","","1.8","","0.0","","","","","","0.0","","","","4","","51",""
"-104.67","50.43","REGINA RCS","4016699","2019-05-23","2019","05","23","","24.4","","3.4","","13.9","","4.1","","0.0","","","","","","0.0","","","","15","","40",""
"-104.67","50.43","REGINA RCS","4016699","2019-05-24","2019","05","24","","20.7","","6.4","","13.5","","4.5","","0.0","","","","","","0.0","","","","10","","47",""
"-104.67","50.43","REGINA RCS","4016699","2019-05-25","2019","05","25","","21.0","","2.4","","11.7","","6.3","","0.0","","","","","","8.5","","","","22","","69",""
"-104.67","50.43","REGINA RCS","4016699","2019-05-26","2019","05","26","","15.2","","5.7","","10.4","","7.6","","0.0","","","","","","0.0","","","","8","","37",""
"-104.67","50.43","REGINA RCS","4016699","2019-05-27","2019","05","27","","19.6","","-0.2","","9.7","","8.3","","0.0","","","","","","0.0","","","","","","",""
"-104.67","50.43","REGINA RCS","4016699","2019-05-28","2019","05","28","","26.6","","2.0","","14.3","","3.7","","0.0","","","","","","0.0","","","","32","","39",""
"-104.67","50.43","REGINA RCS","4016699","2019-05-29","2019","05","29","","30.7","","9.6","","20.1","","0.0","","2.1","","","","","","0.0","","","","29","","46",""
"-104.67","50.43","REGINA RCS","4016699","2019-05-30","2019","05","30","","32.1","","8.9","","20.5","","0.0","","2.5","","","","","","0.0","","","","3","","59",""
"-104.67","50.43","REGINA RCS","4016699","2019-05-31","2019","05","31","","19.4","","6.0","","12.7","","5.3","","0.0","","","","","","0.0","","","","5","","47",""
"-104.67","50.43","REGINA RCS","4016699","2019-06-01","2019","06","01","","24.2","","5.0","","14.6","","3.4","","0.0","","","","","","0.0","","","","11","","39",""
"-104.67","50.43","REGINA RCS","4016699","2019-06-02","2019","06","02","","31.4","","9.6","","20.5","","0.0","","2.5","","","","","","0.0","","","","20","","47",""
"-104.67","50.43","REGINA RCS","4016699","2019-06-03","2019","06","03","","35.6","","12.8","","24.2","","0.0","","6.2","","","","","","0.0","","","","26","","75",""
"-104.67","50.43","REGINA RCS","4016699","2019-06-04","2019","06","04","","25.4","","13.1","","19.3","","0.0","","1.3","","","","","","0.0","","","","33","","52",""
"-104.67","50.43","REGINA RCS","4016699","2019-06-05","2019","06","05","","25.4","","11.0","","18.2","","0.0","","0.2","","","","","","0.0","","","","34","","57",""
"-104.67","50.43","REGINA RCS","4016699","2019-06-06","2019","06","06","","31.6","","10.9","","21.2","","0.0","","3.2","","","","","","0.0","","","","21","","75",""
"-104.67","50.43","REGINA RCS","4016699","2019-06-07","2019","06","07","","24.7","","13.9","","19.3","","0.0","","1.3","","","","","","1.8","","","","29","","55",""
"-104.67","50.43","REGINA RCS","4016699","2019-06-08","2019","06","08","","18.4","","2.6","","10.5","","7.5","","0.0","","","","","","0.0","","","","31","","50",""
"-104.67","50.43","REGINA RCS","4016699","2019-06-09","2019","06","09","","20.9","","0.0","","10.5","","7.5","","0.0","","","","","","0.0","","","","30","","52",""
"-104.67","50.43","REGINA RCS","4016699","2019-06-10","2019","06","10","","24.7","","7.0","","15.9","","2.1","","0.0","","","","","","0.0","","","","31","","52",""
"-104.67","50.43","REGINA RCS","4016699","2019-06-11","2019","06","11","","21.4","","8.3","","14.9","","3.1","","0.0","","","","","","0.0","","","","36","","41",""
"-104.67","50.43","REGINA RCS","4016699","2019-06-12","2019","06","12","","21.0","","4.9","","13.0","","5.0","","0.0","","","","","","0.0","","","","13","","35",""
"-104.67","50.43","REGINA RCS","4016699","2019-06-13","2019","06","13","","29.8","","9.1","","19.5","","0.0","","1.5","","","","","","0.0","","","","4","","36",""
"-104.67","50.43","REGINA RCS","4016699","2019-06-14","2019","06","14","","23.8","","11.9","","17.9","","0.1","","0.0","","","","","","0.0","","","","35","","33",""
"-104.67","50.43","REGINA RCS","4016699","2019-06-15","2019","06","15","","15.1","","10.3","","12.7","","5.3","","0.0","","","","","","0.3","","","","9","","42",""
"-104.67","50.43","REGINA RCS","4016699","2019-06-16","2019","06","16","","16.8","","8.9","","12.8","","5.2","","0.0","","","","","","0.0","","","","9","","32",""
"-104.67","50.43","REGINA RCS","4016699","2019-06-17","2019","06","17","","22.4","","7.6","","15.0","","3.0","","0.0","","","","","","0.0","","","","6","","37",""
"-104.67","50.43","REGINA RCS","4016699","2019-06-18","2019","06","18","","25.5","","10.6","","18.1","","0.0","","0.1","","","","","","0.0","","","","14","","41",""
"-104.67","50.43","REGINA RCS","4016699","2019-06-19","2019","06","19","","22.2","","10.9","","16.5","","1.5","","0.0","","","","","","16.6","","","","13","","54",""
"-104.67","50.43","REGINA RCS","4016699","2019-06-20","2019","06","20","","16.0","","8.8","","12.4","","5.6","","0.0","","","","","","16.4","","","","27","","31",""
"-104.67","50.43","REGINA RCS","4016699","2019-06-21","2019","06","21","","17.5","","9.4","","13.4","","4.6","","0.0","","","","","","21.5","","","","7","","52",""
"-104.67","50.43","REGINA RCS","4016699","2019-06-22","2019","06","22","","17.8","","7.7","","12.8","","5.2","","0.0","","","","","","0.8","","","","25","","46",""
"-104.67","50.43","REGINA RCS","4016699","2019-06-23","2019","06","23","","23.8","","10.9","","17.3","","0.7","","0.0","","","","","","0.2","","","","29","","47",""
"-104.67","50.43","REGINA RCS","4016699","2019-06-24","2019","06","24","","22.0","","8.7","","15.3","","2.7","","0.0","","","","","","0.5","","","","26","","48",""
"-104.67","50.43","REGINA RCS","4016699","2019-06-25","2019","06","25","","24.2","","8.9","","16.5","","1.5","","0.0","","","","","","1.8","","","","30","","50",""
"-104.67","50.43","REGINA RCS","4016699","2019-06-26","2019","06","26","","24.8","","6.9","","15.9","","2.1","","0.0","","","","","","0.0","","","","30","","31",""
"-104.67","50.43","REGINA RCS","4016699","2019-06-27","2019","06","27","","26.0","","13.6","","19.8","","0.0","","1.8","","","","","","0.0","","","","11","","40",""
"-104.67","50.43","REGINA RCS","4016699","2019-06-28","2019","06","28","","27.3","","14.5","","20.9","","0.0","","2.9","","","","","","15.9","","","","18","","73",""
"-104.67","50.43","REGINA RCS","4016699","2019-06-29","2019","06","29","","26.0","","13.7","","19.9","","0.0","","1.9","","","","","","0.9","","","","10","","56",""
"-104.67","50.43","REGINA RCS","4016699","2019-06-30","2019","06","30","","23.9","","10.7","","17.3","","0.7","","0.0","","","","","","0.0","","","","29","","47",""
"-104.67","50.43","REGINA RCS","4016699","2019-07-01","2019","07","01","","27.7","","8.6","","18.2","","0.0","","0.2","","","","","","5.8","","","","27","","73",""
"-104.67","50.43","REGINA RCS","4016699","2019-07-02","2019","07","02","","19.7","","7.6","","13.7","","4.3","","0.0","","","","","","0.0","","","","33","","46",""
"-104.67","50.43","REGINA RCS","4016699","2019-07-03","2019","07","03","","20.6","","7.8","","14.2","","3.8","","0.0","","","","","","1.1","","","","","","",""
"-104.67","50.43","REGINA RCS","4016699","2019-07-04","2019","07","04","","23.3","","11.0","","17.1","","0.9","","0.0","","","","","","0.0","","","","","","",""
"-104.67","50.43","REGINA RCS","4016699","2019-07-05","2019","07","05","","23.5","","12.4","","18.0","","0.0","","0.0","","","","","","0.0","","","","","","",""
"-104.67","50.43","REGINA RCS","4016699","2019-07-06","2019","07","06","","24.0","","14.1","","19.1","","0.0","","1.1","","","","","","4.5","","","","","","",""
"-104.67","50.43","REGINA RCS","4016699","2019-07-07","2019","07","07","","28.3","","14.4","","21.4","","0.0","","3.4","","","","","","0.2","","","","18","","41",""
"-104.67","50.43","REGINA RCS","4016699","2019-07-08","2019","07","08","","26.9","","15.1","","21.0","","0.0","","3.0","","","","","","0.0","","","","33","","31",""
"-104.67","50.43","REGINA RCS","4016699","2019-07-09","2019","07","09","","22.6","","11.9","","17.2","","0.8","","0.0","","","","","","0.0","","","","2","","47",""
"-104.67","50.43","REGINA RCS","4016699","2019-07-10","2019","07","10","","25.1","","7.0","","16.1","","1.9","","0.0","","","","","","0.0","","","","17","","32",""
"-104.67","50.43","REGINA RCS","4016699","2019-07-11","2019","07","11","","27.8","","12.7","","20.2","","0.0","","2.2","","","","","","0.0","","","","32","","37",""
"-104.67","50.43","REGINA RCS","4016699","2019-07-12","2019","07","12","","24.2","","8.0","","16.1","","1.9","","0.0","","","","","","0.3","","","","","","",""
"-104.67","50.43","REGINA RCS","4016699","2019-07-13","2019","07","13","","29.2","","11.0","","20.1","","0.0","","2.1","","","","","","0.0","","","","","","",""
"-104.67","50.43","REGINA RCS","4016699","2019-07-14","2019","07","14","","29.5","","12.5","","21.0","","0.0","","3.0","","","","","","0.0","","","","9","","47",""
"-104.67","50.43","REGINA RCS","4016699","2019-07-15","2019","07","15","","26.4","","12.2","","19.3","","0.0","","1.3","","","","","","0.0","","","","34","","54",""
"-104.67","50.43","REGINA RCS","4016699","2019-07-16","2019","07","16","","26.2","","9.9","","18.0","","0.0","","0.0","","","","","","34.7","","","","36","","44",""
"-104.67","50.43","REGINA RCS","4016699","2019-07-17","2019","07","17","","23.3","","12.9","","18.1","","0.0","","0.1","","","","","","0.0","","","","29","","41",""
"-104.67","50.43","REGINA RCS","4016699","2019-07-18","2019","07","18","","26.5","","9.8","","18.1","","0.0","","0.1","","","","","","0.0","","","","30","","52",""
"-104.67","50.43","REGINA RCS","4016699","2019-07-19","2019","07","19","","22.0","","8.7","","15.4","","2.6","","0.0","","","","","","0.0","","","","28","","67",""
"-104.67","50.43","REGINA RCS","4016699","2019-07-20","2019","07","20","","23.1","","7.1","","15.1","","2.9","","0.0","","","","","","0.0","","","","6","","31",""
"-104.67","50.43","REGINA RCS","4016699","2019-07-21","2019","07","21","","24.4","","11.6","","18.0","","0.0","","0.0","","","","","","0.0","","","","","","",""
"-104.67","50.43","REGINA RCS","4016699","2019-07-22","2019","07","22","","27.2","","9.5","","18.3","","0.0","","0.3","","","","","","0.0","","","","","","",""
"-104.67","50.43","REGINA RCS","4016699","2019-07-23","2019","07","23","","29.0","","12.8","","20.9","","0.0","","2.9","","","","","","0.0","","","","17","","38",""
"-104.67","50.43","REGINA RCS","4016699","2019-07-24","2019","07","24","","27.8","","14.6","","21.2","","0.0","","3.2","","","","","","3.5","","","","19","","87",""
"-104.67","50.43","REGINA RCS","4016699","2019-07-25","2019","07","25","","25.4","","10.8","","18.1","","0.0","","0.1","","","","","","0.2","","","","28","","82",""
"-104.67","50.43","REGINA RCS","4016699","2019-07-26","2019","07","26","","25.4","","12.2","","18.8","","0.0","","0.8","","","","","","0.0","","","","31","","55",""
"-104.67","50.43","REGINA RCS","4016699","2019-07-27","2019","07","27","","32.5","","10.1","","21.3","","0.0","","3.3","","","","","","0.0","","","","31","","48",""
"-104.67","50.43","REGINA RCS","4016699","2019-07-28","2019","07","28","","21.5","","6.3","","13.9","","4.1","","0.0","","","","","","0.0","","","","29","","72",""
"-104.67","50.43","REGINA RCS","4016699","2019-07-29","2019","07","29","","23.3","","3.6","","13.4","","4.6","","0.0","","","","","","0.0","","","","14","","34",""
"-104.67","50.43","REGINA RCS","4016699","2019-07-30","2019","07","30","","28.1","","8.8","","18.4","","0.0","","0.4","","","","","","0.0","","","","16","","46",""
"-104.67","50.43","REGINA RCS","4016699","2019-07-31","2019","07","31","","30.0","","14.2","","22.1","","0.0","","4.1","","","","","","0.0","","","","1","","34",""
"-104.67","50.43","REGINA RCS","4016699","2019-08-01","2019","08","01","","31.6","","16.8","","24.2","","0.0","","6.2","","","","","","0.0","","","","13","","40",""
"-104.67","50.43","REGINA RCS","4016699","2019-08-02","2019","08","02","","33.4","","14.5","","24.0","","0.0","","6.0","","","","","","0.0","","","","13","","38",""
"-104.67","50.43","REGINA RCS","4016699","2019-08-03","2019","08","03","","33.9","","15.2","","24.6","","0.0","","6.6","","","","","","0.0","","","","35","","41",""
"-104.67","50.43","REGINA RCS","4016699","2019-08-04","2019","08","04","","26.4","","9.4","","17.9","","0.1","","0.0","","","","","","0.2","","","","31","","34",""
"-104.67","50.43","REGINA RCS","4016699","2019-08-05","2019","08","05","","28.4","","7.8","","18.1","","0.0","","0.1","","","","","","0.0","","","","33","","36",""
"-104.67","50.43","REGINA RCS","4016699","2019-08-06","2019","08","06","","25.5","","9.9","","17.7","","0.3","","0.0","","","","","","0.0","","","","34","","40",""
"-104.67","50.43","REGINA RCS","4016699","2019-08-07","2019","08","07","","21.2","","4.5","","12.9","","5.1","","0.0","","","","","","0.0","","","","33","","41",""
"-104.67","50.43","REGINA RCS","4016699","2019-08-08","2019","08","08","","25.4","","5.1","","15.2","","2.8","","0.0","","","","","","0.0","","","","","","",""
"-104.67","50.43","REGINA RCS","4016699","2019-08-09","2019","08","09","","31.4","","11.3","","21.3","","0.0","","3.3","","","","","","21.3","","","","23","","45",""
"-104.67","50.43","REGINA RCS","4016699","2019-08-10","2019","08","10","","20.6","","12.8","","16.7","","1.3","","0.0","","","","","","18.5","","","","2","","40",""
"-104.67","50.43","REGINA RCS","4016699","2019-08-11","2019","08","11","","22.6","","9.9","","16.3","","1.7","","0.0","","","","","","0.0","","","","9","","34",""
"-104.67","50.43","REGINA RCS","4016699","2019-08-12","2019","08","12","","17.0","","11.7","","14.3","","3.7","","0.0","","","","","","41.3","","","","10","","58",""
"-104.67","50.43","REGINA RCS","4016699","2019-08-13","2019","08","13","","","M","","M","","M","","M","","M","","","","","","M","","","","M","","M"
"-104.67","50.43","REGINA RCS","4016699","2019-08-14","2019","08","14","","24.0","","10.7","","17.3","","0.7","","0.0","","","","","","0.0","","","","30","","34",""
"-104.67","50.43","REGINA RCS","4016699","2019-08-15","2019","08","15","","26.3","","8.5","","17.4","","0.6","","0.0","","","","","","0.0","","","","29","","44",""
"-104.67","50.43","REGINA RCS","4016699","2019-08-16","2019","08","16","","26.2","","10.1","","18.1","","0.0","","0.1","","","","","","0.0","","","","28","","53",""
"-104.67","50.43","REGINA RCS","4016699","2019-08-17","2019","08","17","","18.0","","3.8","","10.9","","7.1","","0.0","","","","","","0.0","","","","28","","57",""
"-104.67","50.43","REGINA RCS","4016699","2019-08-18","2019","08","18","","24.5","","2.0","","13.3","","4.7","","0.0","","","","","","0.0","","","","24","","38",""
"-104.67","50.43","REGINA RCS","4016699","2019-08-19","2019","08","19","","26.0","","3.8","","14.9","","3.1","","0.0","","","","","","0.0","","","","1","","43",""
"-104.67","50.43","REGINA RCS","4016699","2019-08-20","2019","08","20","","21.6","","3.5","","12.6","","5.4","","0.0","","","","","","0.0","","","","33","","34",""
"-104.67","50.43","REGINA RCS","4016699","2019-08-21","2019","08","21","","24.4","","4.0","","14.2","","3.8","","0.0","","","","","","0.0","","","","14","","35",""
"-104.67","50.43","REGINA RCS","4016699","2019-08-22","2019","08","22","","28.0","","10.5","","19.2","","0.0","","1.2","","","","","","0.0","","","","14","","56",""
"-104.67","50.43","REGINA RCS","4016699","2019-08-23","2019","08","23","","20.2","","14.2","","17.2","","0.8","","0.0","","","","","","5.7","","","","","","",""
"-104.67","50.43","REGINA RCS","4016699","2019-08-24","2019","08","24","","28.9","","12.8","","20.8","","0.0","","2.8","","","","","","0.0","","","","21","","41",""
"-104.67","50.43","REGINA RCS","4016699","2019-08-25","2019","08","25","","19.2","","9.8","","14.5","","3.5","","0.0","","","","","","3.9","","","","31","","41",""
"-104.67","50.43","REGINA RCS","4016699","2019-08-26","2019","08","26","","20.6","","6.9","","13.7","","4.3","","0.0","","","","","","0.2","","","","31","","60",""
"-104.67","50.43","REGINA RCS","4016699","2019-08-27","2019","08","27","","18.1","","6.8","","12.5","","5.5","","0.0","","","","","","1.9","","","","32","","47",""
"-104.67","50.43","REGINA RCS","4016699","2019-08-28","2019","08","28","","21.1","","4.4","","12.8","","5.2","","0.0","","","","","","0.0","","","","31","","48",""
"-104.67","50.43","REGINA RCS","4016699","2019-08-29","2019","08","29","","19.5","","7.0","","13.2","","4.8","","0.0","","","","","","0.0","","","","32","","36",""
"-104.67","50.43","REGINA RCS","4016699","2019-08-30","2019","08","30","","19.3","","3.0","","11.1","","6.9","","0.0","","","","","","0.6","","","","","","",""
"-104.67","50.43","REGINA RCS","4016699","2019-08-31","2019","08","31","","22.6","","10.7","","16.7","","1.3","","0.0","","","","","","2.1","","","","12","","33",""
"-104.67","50.43","REGINA RCS","4016699","2019-09-01","2019","09","01","","21.3","","11.6","","16.5","","1.5","","0.0","","","","","","0.0","","","","","","",""
"-104.67","50.43","REGINA RCS","4016699","2019-09-02","2019","09","02","","20.6","","10.9","","15.8","","2.2","","0.0","","","","","","4.6","","","","15","","51",""
"-104.67","50.43","REGINA RCS","4016699","2019-09-03","2019","09","03","","21.2","","10.2","","15.7","","2.3","","0.0","","","","","","0.0","","","","30","","33",""
"-104.67","50.43","REGINA RCS","4016699","2019-09-04","2019","09","04","","25.8","","9.6","","17.7","","0.3","","0.0","","","","","","0.4","","","","2","","52",""
"-104.67","50.43","REGINA RCS","4016699","2019-09-05","2019","09","05","","23.9","","6.6","","15.3","","2.7","","0.0","","","","","","0.0","","","","32","","45",""
"-104.67","50.43","REGINA RCS","4016699","2019-09-06","2019","09","06","","21.2","","2.9","","12.0","","6.0","","0.0","","","","","","0.0","","","","","","",""
"-104.67","50.43","REGINA RCS","4016699","2019-09-07","2019","09","07","","18.6","","7.3","","13.0","","5.0","","0.0","","","","","","0.0","","","","","","",""
"-104.67","50.43","REGINA RCS","4016699","2019-09-08","2019","09","08","","20.3","","3.1","","11.7","","6.3","","0.0","","","","","","0.0","","","","16","","31",""
"-104.67","50.43","REGINA RCS","4016699","2019-09-09","2019","09","09","","12.1","","9.2","","10.6","","7.4","","0.0","","","","","","16.3","","","","8","","49",""
"-104.67","50.43","REGINA RCS","4016699","2019-09-10","2019","09","10","","12.5","","10.0","","11.3","","6.7","","0.0","","","","","","15.3","","","","6","","38",""
"-104.67","50.43","REGINA RCS","4016699","2019-09-11","2019","09","11","","12.2","","10.1","","11.2","","6.8","","0.0","","","","","","8.8","","","","13","","35",""
"-104.67","50.43","REGINA RCS","4016699","2019-09-12","2019","09","12","","12.1","","9.5","","10.8","","7.2","","0.0","","","","","","10.5","","","","","","",""
"-104.67","50.43","REGINA RCS","4016699","2019-09-13","2019","09","13","","21.3","","4.3","","12.8","","5.2","","0.0","","","","","","0.4","","","","24","","52",""
"-104.67","50.43","REGINA RCS","4016699","2019-09-14","2019","09","14","","23.0","","7.6","","15.3","","2.7","","0.0","","","","","","0.0","","","","30","","39",""
"-104.67","50.43","REGINA RCS","4016699","2019-09-15","2019","09","15","","28.7","","8.3","","18.5","","0.0","","0.5","","","","","","0.0","","","","","","",""
"-104.67","50.43","REGINA RCS","4016699","2019-09-16","2019","09","16","","32.4","","13.0","","22.7","","0.0","","4.7","","","","","","0.0","","","","17","","43",""
"-104.67","50.43","REGINA RCS","4016699","2019-09-17","2019","09","17","","22.4","","14.5","","18.5","","0.0","","0.5","","","","","","0.0","","","","36","","44",""
"-104.67","50.43","REGINA RCS","4016699","2019-09-18","2019","09","18","","22.5","","12.3","","17.4","","0.6","","0.0","","","","","","0.0","","","","33","","42",""
"-104.67","50.43","REGINA RCS","4016699","2019-09-19","2019","09","19","","23.7","","10.4","","17.0","","1.0","","0.0","","","","","","0.0","","","","10","","40",""
"-104.67","50.43","REGINA RCS","4016699","2019-09-20","2019","09","20","","19.8","","11.7","","15.8","","2.2","","0.0","","","","","","0.0","","","","13","","38",""
"-104.67","50.43","REGINA RCS","4016699","2019-09-21","2019","09","21","","17.4","","4.4","","10.9","","7.1","","0.0","","","","","","0.0","","","","33","","42",""
"-104.67","50.43","REGINA RCS","4016699","2019-09-22","2019","09","22","","22.8","","1.9","","12.4","","5.6","","0.0","","","","","","0.0","","","","","","",""
"-104.67","50.43","REGINA RCS","4016699","2019-09-23","2019","09","23","","24.0","","5.0","","14.5","","3.5","","0.0","","","","","","0.0","","","","28","","46",""
"-104.67","50.43","REGINA RCS","4016699","2019-09-24","2019","09","24","","17.0","","5.8","","11.4","","6.6","","0.0","","","","","","0.0","","","","34","","54",""
"-104.67","50.43","REGINA RCS","4016699","2019-09-25","2019","09","25","","15.3","","2.4","","8.9","","9.1","","0.0","","","","","","1.1","","","","29","","48",""
"-104.67","50.43","REGINA RCS","4016699","2019-09-26","2019","09","26","","9.1","","2.0","","5.6","","12.4","","0.0","","","","","","4.0","","","","","","",""
"-104.67","50.43","REGINA RCS","4016699","2019-09-27","2019","09","27","","7.7","","1.0","","4.3","","13.7","","0.0","","","","","","2.8","","","","34","","31",""
"-104.67","50.43","REGINA RCS","4016699","2019-09-28","2019","09","28","","7.0","","-3.3","","1.9","","16.1","","0.0","","","","","","0.0","","","","9","","39",""
"-104.67","50.43","REGINA RCS","4016699","2019-09-29","2019","09","29","","3.7","","0.5","","2.1","","15.9","","0.0","","","","","","13.2","","","","7","","64",""
"-104.67","50.43","REGINA RCS","4016699","2019-09-30","2019","09","30","","3.0","","0.6","","1.8","","16.2","","0.0","","","","","","1.1","","","","8","","49",""
"-104.67","50.43","REGINA RCS","4016699","2019-10-01","2019","10","01","","5.2","","0.8","","3.0","","15.0","","0.0","","","","","","0.0","","","","","","",""
"-104.67","50.43","REGINA RCS","4016699","2019-10-02","2019","10","02","","6.2","","-1.3","","2.4","","15.6","","0.0","","","","","","0.0","","","","","","",""
"-104.67","50.43","REGINA RCS","4016699","2019-10-03","2019","10","03","","9.4","","0.2","","4.8","","13.2","","0.0","","","","","","0.0","","","","13","","40",""
"-104.67","50.43","REGINA RCS","4016699","2019-10-04","2019","10","04","","6.3","","1.3","","3.8","","14.2","","0.0","","","","","","0.0","","","","16","","48",""
"-104.67","50.43","REGINA RCS","4016699","2019-10-05","2019","10","05","","15.1","","-0.5","","7.3","","10.7","","0.0","","","","","","0.2","","","","30","","59",""
"-104.67","50.43","REGINA RCS","4016699","2019-10-06","2019","10","06","","14.8","","1.3","","8.0","","10.0","","0.0","","","","","","0.0","","0","","29","","60",""
"-104.67","50.43","REGINA RCS","4016699","2019-10-07","2019","10","07","","20.6","","-1.5","","9.6","","8.4","","0.0","","","","","","0.0","","0","","21","","54",""
"-104.67","50.43","REGINA RCS","4016699","2019-10-08","2019","10","08","","","M","","M","","M","","M","","M","","","","","","M","0","","","M","","M"
"-104.67","50.43","REGINA RCS","4016699","2019-10-09","2019","10","09","","0.3","","-6.4","","-3.0","","21.0","","0.0","","","","","","0.4","","1","","34","","38",""
"-104.67","50.43","REGINA RCS","4016699","2019-10-10","2019","10","10","","3.7","","-9.2","","-2.8","","20.8","","0.0","","","","","","0.0","","0","","31","","38",""
"-104.67","50.43","REGINA RCS","4016699","2019-10-11","2019","10","11","","5.4","","-9.5","","-2.1","","20.1","","0.0","","","","","","0.0","","0","","36","","56",""
"-104.67","50.43","REGINA RCS","4016699","2019-10-12","2019","10","12","","6.5","","-8.3","","-0.9","","18.9","","0.0","","","","","","0.0","","0","","33","","54",""
"-104.67","50.43","REGINA RCS","4016699","2019-10-13","2019","10","13","","9.1","","-13.0","","-2.0","","20.0","","0.0","","","","","","0.0","","0","","","","",""
"-104.67","50.43","REGINA RCS","4016699","2019-10-14","2019","10","14","","4.3","","-0.9","","1.7","","16.3","","0.0","","","","","","5.7","","0","","34","","38",""
"-104.67","50.43","REGINA RCS","4016699","2019-10-15","2019","10","15","","3.6","","0.4","","2.0","","16.0","","0.0","","","","","","0.2","","0","","35","","39",""
"-104.67","50.43","REGINA RCS","4016699","2019-10-16","2019","10","16","","15.1","","-0.1","","7.5","","10.5","","0.0","","","","","","0.0","","0","","15","","45",""
"-104.67","50.43","REGINA RCS","4016699","2019-10-17","2019","10","17","","17.4","","0.6","","9.0","","9.0","","0.0","","","","","","0.0","","0","","14","","38",""
"-104.67","50.43","REGINA RCS","4016699","2019-10-18","2019","10","18","","14.0","","-1.5","","6.2","","11.8","","0.0","","","","","","0.0","","0","","30","","40",""
"-104.67","50.43","REGINA RCS","4016699","2019-10-19","2019","10","19","","13.7","","-3.5","","5.1","","12.9","","0.0","","","","","","0.0","","0","","27","","38",""
"-104.67","50.43","REGINA RCS","4016699","2019-10-20","2019","10","20","","9.6","","-6.5","","1.6","","16.4","","0.0","","","","","","0.0","","0","","28","","42",""
"-104.67","50.43","REGINA RCS","4016699","2019-10-21","2019","10","21","","10.2","","-8.3","","1.0","","17.0","","0.0","","","","","","0.0","","0","","","","",""
"-104.67","50.43","REGINA RCS","4016699","2019-10-22","2019","10","22","","6.7","","-8.7","","-1.0","","19.0","","0.0","","","","","","0.0","","0","","","","",""
"-104.67","50.43","REGINA RCS","4016699","2019-10-23","2019","10","23","","6.3","","-9.4","","-1.6","","19.6","","0.0","","","","","","0.0","","0","","","","",""
"-104.67","50.43","REGINA RCS","4016699","2019-10-24","2019","10","24","","6.0","","-6.1","","0.0","","18.0","","0.0","","","","","","0.0","","","","","","",""
"-104.67","50.43","REGINA RCS","4016699","2019-10-25","2019","10","25","","18.4","","-3.3","","7.6","","10.4","","0.0","","","","","","0.0","","0","","30","","53",""
"-104.67","50.43","REGINA RCS","4016699","2019-10-26","2019","10","26","","8.7","","-5.2","","1.7","","16.3","","0.0","","","","","","0.5","","0","","33","","77",""
"-104.67","50.43","REGINA RCS","4016699","2019-10-27","2019","10","27","","-5.2","","-15.3","","-10.2","","28.2","","0.0","","","","","","0.2","","0","","31","","49",""
"-104.67","50.43","REGINA RCS","4016699","2019-10-28","2019","10","28","","-3.1","","-14.6","","-8.9","","26.9","","0.0","","","","","","2.2","","8","","33","","54",""
"-104.67","50.43","REGINA RCS","4016699","2019-10-29","2019","10","29","","-7.0","","-10.6","","-8.8","","26.8","","0.0","","","","","","0.4","","0","","31","","53",""
"-104.67","50.43","REGINA RCS","4016699","2019-10-30","2019","10","30","","-4.5","","-18.2","","-11.3","","29.3","","0.0","","","","","","0.0","","0","","28","","31",""
"-104.67","50.43","REGINA RCS","4016699","2019-10-31","2019","10","31","","1.8","","-5.9","","-2.1","","20.1","","0.0","","","","","","0.8","","0","","30","","38",""
"-104.67","50.43","REGINA RCS","4016699","2019-11-01","2019","11","01","","1.9","","-6.8","","-2.5","","20.5","","0.0","","","","","","0.0","","2","","31","","50",""
"-104.67","50.43","REGINA RCS","4016699","2019-11-02","2019","11","02","","3.6","","-7.9","","-2.1","","20.1","","0.0","","","","","","0.0","","1","","","","",""
"-104.67","50.43","REGINA RCS","4016699","2019-11-03","2019","11","03","","0.4","","-5.3","","-2.4","","20.4","","0.0","","","","","","2.5","","0","","33","","43",""
"-104.67","50.43","REGINA RCS","4016699","2019-11-04","2019","11","04","","-4.8","","-17.2","","-11.0","","29.0","","0.0","","","","","","0.0","","","","30","","34",""
"-104.67","50.43","REGINA RCS","4016699","2019-11-05","2019","11","05","","-4.7","","-15.1","","-9.9","","27.9","","0.0","","","","","","0.7","","","","4","","36",""
"-104.67","50.43","REGINA RCS","4016699","2019-11-06","2019","11","06","","-9.5","","-25.1","","-17.3","","35.3","","0.0","","","","","","0.2","","0","","","","",""
"-104.67","50.43","REGINA RCS","4016699","2019-11-07","2019","11","07","","-10.2","","-22.8","","-16.5","","34.5","","0.0","","","","","","0.0","","1","","15","","33",""
"-104.67","50.43","REGINA RCS","4016699","2019-11-08","2019","11","08","","3.9","","-10.9","","-3.5","","21.5","","0.0","","","","","","0.0","","1","","30","","31",""
"-104.67","50.43","REGINA RCS","4016699","2019-11-09","2019","11","09","","1.1","","-12.2","","-5.6","","23.6","","0.0","","","","","","0.7","","0","","35","","40",""
"-104.67","50.43","REGINA RCS","4016699","2019-11-10","2019","11","10","","-11.8","","-16.4","","-14.1","","32.1","","0.0","","","","","","0.0","","0","","31","","38",""
"-104.67","50.43","REGINA RCS","4016699","2019-11-11","2019","11","11","","-10.0","","-21.9","","-16.0","","34.0","","0.0","","","","","","0.0","","0","","29","","33",""
"-104.67","50.43","REGINA RCS","4016699","2019-11-12","2019","11","12","","-2.7","","-14.2","","-8.4","","26.4","","0.0","","","","","","0.5","","0","","15","","33",""
"-104.67","50.43","REGINA RCS","4016699","2019-11-13","2019","11","13","","-1.1","","-16.3","","-8.7","","26.7","","0.0","","","","","","0.2","","1","","","","",""
"-104.67","50.43","REGINA RCS","4016699","2019-11-14","2019","11","14","","0.0","","-7.8","","-3.9","","21.9","","0.0","","","","","","0.0","","0","","34","","31",""
"-104.67","50.43","REGINA RCS","4016699","2019-11-15","2019","11","15","","2.4","","-3.6","","-0.6","","18.6","","0.0","","","","","","0.0","","","","13","","43",""
"-104.67","50.43","REGINA RCS","4016699","2019-11-16","2019","11","16","","3.8","","0.0","","1.9","","16.1","","0.0","","","","","","0.4","","1","","31","","50",""
"-104.67","50.43","REGINA RCS","4016699","2019-11-17","2019","11","17","","5.3","","-1.6","","1.8","","16.2","","0.0","","","","","","0.0","","0","","14","","31",""
"-104.67","50.43","REGINA RCS","4016699","2019-11-18","2019","11","18","","7.7","","-1.9","","2.9","","15.1","","0.0","","","","","","2.2","","0","","33","","54",""
"-104.67","50.43","REGINA RCS","4016699","2019-11-19","2019","11","19","","3.2","","-3.5","","-0.2","","18.2","","0.0","","","","","","0.0","","0","","","","",""
"-104.67","50.43","REGINA RCS","4016699","2019-11-20","2019","11","20","","-3.5","","-10.7","","-7.1","","25.1","","0.0","","","","","","0.0","","0","","33","","35",""
"-104.67","50.43","REGINA RCS","4016699","2019-11-21","2019","11","21","","1.0","","-10.3","","-4.7","","22.7","","0.0","","","","","","0.0","","0","","23","","32",""
"-104.67","50.43","REGINA RCS","4016699","2019-11-22","2019","11","22","","5.6","","-9.0","","-1.7","","19.7","","0.0","","","","","","0.0","","0","","29","","35",""
"-104.67","50.43","REGINA RCS","4016699","2019-11-23","2019","11","23","","9.1","","-4.2","","2.4","","15.6","","0.0","","","","","","0.0","","0","","28","","43",""
"-104.67","50.43","REGINA RCS","4016699","2019-11-24","2019","11","24","","5.1","","-3.6","","0.8","","17.2","","0.0","","","","","","2.2","","0","","33","","45",""
"-104.67","50.43","REGINA RCS","4016699","2019-11-25","2019","11","25","","0.6","","-4.7","","-2.1","","20.1","","0.0","","","","","","0.0","","","","36","","45",""
"-104.67","50.43","REGINA RCS","4016699","2019-11-26","2019","11","26","","-0.9","","-10.1","","-5.5","","23.5","","0.0","","","","","","0.2","","","","","","",""
"-104.67","50.43","REGINA RCS","4016699","2019-11-27","2019","11","27","","-3.9","","-5.3","","-4.6","","22.6","","0.0","","","","","","0.0","","0","","","","",""
"-104.67","50.43","REGINA RCS","4016699","2019-11-28","2019","11","28","","-5.2","","-8.5","","-6.9","","24.9","","0.0","","","","","","0.5","","0","","12","","55",""
"-104.67","50.43","REGINA RCS","4016699","2019-11-29","2019","11","29","","-4.1","","-8.0","","-6.1","","24.1","","0.0","","","","","","0.4","","0","","12","","38",""
"-104.67","50.43","REGINA RCS","4016699","2019-11-30","2019","11","30","","-5.2","","-9.6","","-7.4","","25.4","","0.0","","","","","","0.6","","0","","","","",""
"-104.67","50.43","REGINA RCS","4016699","2019-12-01","2019","12","01","","-5.8","","-11.5","","-8.7","","26.7","","0.0","","","","","","0.0","","1","","","","",""
"-104.67","50.43","REGINA RCS","4016699","2019-12-02","2019","12","02","","-1.4","","-12.9","","-7.1","","25.1","","0.0","","","","","","0.2","","1","","29","","33",""
"-104.67","50.43","REGINA RCS","4016699","2019-12-03","2019","12","03","","3.1","","-11.6","","-4.3","","22.3","","0.0","","","","","","0.0","","1","","29","","39",""
"-104.67","50.43","REGINA RCS","4016699","2019-12-04","2019","12","04","","0.3","","-11.1","","-5.4","","23.4","","0.0","","","","","","0.0","","1","","","","",""
"-104.67","50.43","REGINA RCS","4016699","2019-12-05","2019","12","05","","-2.0","","-14.0","","-8.0","","26.0","","0.0","","","","","","0.0","","1","","36","","36",""
"-104.67","50.43","REGINA RCS","4016699","2019-12-06","2019","12","06","","-5.2","","-14.2","","-9.7","","27.7","","0.0","","","","","","0.0","","1","","","","",""
"-104.67","50.43","REGINA RCS","4016699","2019-12-07","2019","12","07","","-1.0","","-9.3","","-5.2","","23.2","","0.0","","","","","","0.0","","1","","2","","38",""
"-104.67","50.43","REGINA RCS","4016699","2019-12-08","2019","12","08","","-9.3","","-24.1","","-16.7","","34.7","","0.0","","","","","","0.0","","1","","3","","38",""
"-104.67","50.43","REGINA RCS","4016699","2019-12-09","2019","12","09","","-10.2","","-28.1","","-19.2","","37.2","","0.0","","","","","","0.2","","1","","35","","52",""
"-104.67","50.43","REGINA RCS","4016699","2019-12-10","2019","12","10","","-14.7","","-28.9","","-21.8","","39.8","","0.0","","","","","","0.0","","1","","","","",""
"-104.67","50.43","REGINA RCS","4016699","2019-12-11","2019","12","11","","-15.3","","-28.1","","-21.7","","39.7","","0.0","","","","","","0.0","","1","","","","",""
"-104.67","50.43","REGINA RCS","4016699","2019-12-12","2019","12","12","","-10.9","","-19.1","","-15.0","","33.0","","0.0","","","","","","0.9","","1","","15","","43",""
"-104.67","50.43","REGINA RCS","4016699","2019-12-13","2019","12","13","","-11.0","","-27.4","","-19.2","","37.2","","0.0","","","","","","0.4","","1","","35","","35",""
"-104.67","50.43","REGINA RCS","4016699","2019-12-14","2019","12","14","","-12.9","","-29.7","","-21.3","","39.3","","0.0","","","","","","0.0","","1","","","","",""
"-104.67","50.43","REGINA RCS","4016699","2019-12-15","2019","12","15","","-9.5","","-23.7","","-16.6","","34.6","","0.0","","","","","","0.0","","1","","30","","41",""
"-104.67","50.43","REGINA RCS","4016699","2019-12-16","2019","12","16","","-3.8","","-15.7","","-9.7","","27.7","","0.0","","","","","","0.0","","1","","28","","39",""
"-104.67","50.43","REGINA RCS","4016699","2019-12-17","2019","12","17","","-9.0","","-13.0","","-11.0","","29.0","","0.0","","","","","","0.0","","1","","14","","43",""
"-104.67","50.43","REGINA RCS","4016699","2019-12-18","2019","12","18","","-0.5","","-12.1","","-6.3","","24.3","","0.0","","","","","","0.0","","1","","14","","31",""
"-104.67","50.43","REGINA RCS","4016699","2019-12-19","2019","12","19","","-5.2","","-8.8","","-7.0","","25.0","","0.0","","","","","","0.0","","1","","14","","56",""
"-104.67","50.43","REGINA RCS","4016699","2019-12-20","2019","12","20","","1.7","","-10.9","","-4.6","","22.6","","0.0","","","","","","0.0","","1","","15","","38",""
"-104.67","50.43","REGINA RCS","4016699","2019-12-21","2019","12","21","","0.5","","-10.1","","-4.8","","22.8","","0.0","","","","","","0.0","","0","","","","",""
"-104.67","50.43","REGINA RCS","4016699","2019-12-22","2019","12","22","","2.0","","-5.0","","-1.5","","19.5","","0.0","","","","","","0.0","","1","","31","","41",""
"-104.67","50.43","REGINA RCS","4016699","2019-12-23","2019","12","23","","-3.0","","-7.7","","-5.3","","23.3","","0.0","","","","","","0.0","","0","","14","","39",""
"-104.67","50.43","REGINA RCS","4016699","2019-12-24","2019","12","24","","-3.6","","-7.4","","-5.5","","23.5","","0.0","","","","","","0.0","","1","","32","","32",""
"-104.67","50.43","REGINA RCS","4016699","2019-12-25","2019","12","25","","-4.1","","-6.9","","-5.5","","23.5","","0.0","","","","","","0.2","","1","","15","","32",""
"-104.67","50.43","REGINA RCS","4016699","2019-12-26","2019","12","26","","-4.2","","-16.7","","-10.4","","28.4","","0.0","","","","","","0.0","","1","","30","","37",""
"-104.67","50.43","REGINA RCS","4016699","2019-12-27","2019","12","27","","-3.5","","-15.9","","-9.7","","27.7","","0.0","","","","","","0.0","","1","","","","",""
"-104.67","50.43","REGINA RCS","4016699","2019-12-28","2019","12","28","","-4.3","","-18.1","","-11.2","","29.2","","0.0","","","","","","0.2","","1","","","","",""
"-104.67","50.43","REGINA RCS","4016699","2019-12-29","2019","12","29","","-10.9","","-20.5","","-15.7","","33.7","","0.0","","","","","","0.2","","0","","","","",""
"-104.67","50.43","REGINA RCS","4016699","2019-12-30","2019","12","30","","-8.2","","-18.8","","-13.5","","31.5","","0.0","","","","","","0.0","","1","","","","",""
"-104.67","50.43","REGINA RCS","4016699","2019-12-31","2019","12","31","","1.2","","-14.0","","-6.4","","24.4","","0.0","","","","","","0.0","","0","","","","",""
